"mention_id","period_type","week_start","week_end","mention_date","source","community","platform_subarea","account_name","account_type","url","visibility","collection_method","sample_scope","confidence","qualification_status","qualification_strength","qualification_reason","noise_pattern","domain","use_case","intent","value_signal","value_reason","value_score","brand_recall_type","brand_memory_strength","utility_strength","evidence_type","quote_excerpt","quote_translation_ko","analyst_note","leadership_note","reviewer","reviewed_at"
"M0001","historical_backfill","2022-08-29","2022-09-04","2022-09-04","Reddit","r/MarvelousDesigner","subreddit","unknown_user","user","https://www.reddit.com/r/MarvelousDesigner/comments/x5h07q","public","automated_discovery","full_search","high","qualified","strong","verified_public_connect_signal","","clo_md","legacy_confusion","navigation_confusion","mid","Store migration and naming confusion","3","connect_with_clo_context","medium","mid","direct_quote","Tried to go onto the Marvelous Designer website to look for clothing and it’s taking me to a website called Connect Clo-set.","","Store migration and naming confusion","","codex","2026-04-17"
"M0002","historical_backfill","2023-01-23","2023-01-29","2023-01-26","Reddit","r/CLO3D","subreddit","unknown_user","user","https://www.reddit.com/r/CLO3D/comments/10ly74f","public","automated_discovery","full_search","high","qualified","strong","verified_public_connect_signal","","clo_md","asset_browsing","resource_recommendation","high","Peer recommendation tied to immediate asset sourcing","5","connect_with_clo_context","medium","high","direct_quote","Have you looked at the CLO online Connect store. Lots of free and purchasable items.","","Peer recommendation tied to immediate asset sourcing","","codex","2026-04-17"
"M0003","historical_backfill","2023-03-06","2023-03-12","2023-03-10","Reddit","r/CLO3D","subreddit","unknown_user","user","https://www.reddit.com/r/CLO3D/comments/11o0vs4","public","automated_discovery","full_search","high","qualified","strong","verified_public_connect_signal","","clo_md","workflow_efficiency","resource_recommendation","high","Pattern-ready assets suggested as time-saving workflow support","4","connect_with_clo_context","medium","high","direct_quote","Try the CLO Connect store","","Pattern-ready assets suggested as time-saving workflow support","","codex","2026-04-17"
"M0004","historical_backfill","2023-04-17","2023-04-23","2023-04-20","Reddit","r/CLO3D","subreddit","unknown_user","user","https://www.reddit.com/r/CLO3D/comments/12t9r8w","public","automated_discovery","full_search","high","qualified","strong","verified_public_connect_signal","","clo_md","asset_browsing","resource_recommendation","high","Free asset discovery signal","4","connect_with_clo_context","medium","high","direct_quote","The CLO CONNECT store has lots of free assets","","Free asset discovery signal","","codex","2026-04-17"
"M0005","historical_backfill","2023-09-18","2023-09-24","2023-09-22","Reddit","r/CLO3D","subreddit","unknown_user","user","https://www.reddit.com/r/CLO3D/comments/16p9elf","public","automated_discovery","full_search","high","qualified","strong","verified_public_connect_signal","","clo_md","purchase","purchase_intent","high","Commercial inventory discovery","4","connect_with_clo_context","medium","high","direct_quote","The CLO CONNECT Store has several bomber jackets available for purchase","","Commercial inventory discovery","","codex","2026-04-17"
"M0006","historical_backfill","2023-11-13","2023-11-19","2023-11-15","Reddit","r/CLO3D","subreddit","unknown_user","user","https://www.reddit.com/r/CLO3D/comments/17w5aae","public","automated_discovery","full_search","high","qualified","strong","verified_public_connect_signal","","clo_md","workflow_efficiency","resource_recommendation","high","Use of store as a starting template library","4","connect_with_clo_context","medium","high","direct_quote","You can also find lots of free assets on the CLO connect store which you can use as a starting point","","Use of store as a starting template library","","codex","2026-04-17"
"M0007","historical_backfill","2024-05-13","2024-05-19","2024-05-13","Reddit","r/CLO3D","subreddit","unknown_user","user","https://www.reddit.com/r/CLO3D/comments/1cqu7w5","public","automated_discovery","full_search","high","qualified","medium","verified_public_connect_signal","","clo_md","asset_browsing","resource_recommendation","high","Store used as shortcut instead of manual creation","4","utility_without_clear_brand","low","high","direct_quote","but also lol thats a rlly shitty way of making a buckle why not just get one for free on the clo-connect store","","Store used as shortcut instead of manual creation","","codex","2026-04-17"
"M0008","historical_backfill","2024-05-20","2024-05-26","2024-05-25","Reddit","r/CLO3D","subreddit","unknown_user","user","https://www.reddit.com/r/CLO3D/comments/1d0htsi","public","automated_discovery","full_search","high","qualified","medium","verified_public_connect_signal","","clo_md","download","actual_use","high","Actual item download and usage issue","4","utility_without_clear_brand","low","high","direct_quote","Hi! I downloaded a buckle from the Connect store","","Actual item download and usage issue","","codex","2026-04-17"
"M0009","historical_backfill","2024-07-15","2024-07-21","2024-07-15","Reddit","r/CLO3D","subreddit","unknown_user","user","https://www.reddit.com/r/CLO3D/comments/1e3q6lc","public","automated_discovery","full_search","high","qualified","strong","verified_public_connect_signal","","physical_fashion","fabric_sourcing","resource_recommendation","mid","CONNECT mentioned as a material sourcing option","3","connect_with_clo_context","medium","mid","direct_quote","The latest CLO library has over 300 fabrics available... then there is also the CLO Connect store.","","CONNECT mentioned as a material sourcing option","","codex","2026-04-17"
"M0010","historical_backfill","2024-09-09","2024-09-15","2024-09-13","Reddit","r/CLO3D","subreddit","unknown_user","user","https://www.reddit.com/r/CLO3D/comments/1ffqxbg","public","automated_discovery","full_search","high","qualified","medium","verified_public_connect_signal","","clo_md","workflow_efficiency","resource_recommendation","high","Store used as reference and starting point","4","utility_without_clear_brand","low","high","direct_quote","Maybe go look at the CLO connect store and find some tank or shirt styles to download and look at or start from there","","Store used as reference and starting point","","codex","2026-04-17"
"M0011","historical_backfill","2024-10-07","2024-10-13","2024-10-09","Reddit","r/CLO3D","subreddit","unknown_user","user","https://www.reddit.com/r/CLO3D/comments/1fzxzay","public","automated_discovery","full_search","high","qualified","strong","verified_public_connect_signal","","clo_md","creator_posting","operational_question","high","Direct operational upload issue on CONNECT","5","connect_with_clo_context","medium","high","direct_quote","Hi does anyone have issues uploading clo files on clo connect?","","Direct operational upload issue on CONNECT","","codex","2026-04-17"
"M0012","historical_backfill","2024-10-28","2024-11-03","2024-10-28","Reddit","r/CLO3D","subreddit","unknown_user","user","https://www.reddit.com/r/CLO3D/comments/1gea0cf","public","automated_discovery","full_search","high","qualified","strong","verified_public_connect_signal","","clo_md","commercial_project","policy_question","high","Commercial posting and policy boundary question","4","connect_with_clo_context","medium","high","direct_quote","so i have custom shoes made , example nike, dior. and so forth. am i able to post these as shoes in cloConnect","","Commercial posting and policy boundary question","","codex","2026-04-17"
"M0013","historical_backfill","2024-11-11","2024-11-17","2024-11-14","Reddit","r/CLO3D","subreddit","unknown_user","user","https://www.reddit.com/r/CLO3D/comments/1graal7","public","automated_discovery","full_search","high","qualified","medium","verified_public_connect_signal","","clo_md","workflow_efficiency","resource_recommendation","high","Official account suggested as base garment source","4","utility_without_clear_brand","low","high","direct_quote","The official Clo-set account on the connect store has good basic options.","","Official account suggested as base garment source","","codex","2026-04-17"
"M0014","historical_backfill","2024-11-18","2024-11-24","2024-11-23","Reddit","r/CLO3D","subreddit","unknown_user","user","https://www.reddit.com/r/CLO3D/comments/1gyc5ee","public","automated_discovery","full_search","high","qualified","medium","verified_public_connect_signal","","clo_md","asset_browsing","resource_recommendation","mid","Store used as first search destination even when unavailable","3","utility_without_clear_brand","low","mid","direct_quote","Does anyone know where I can find a round rhinestone obj? I've tried looking on the Connect store and no luck.","","Store used as first search destination even when unavailable","","codex","2026-04-17"
"M0015","historical_backfill","2025-02-24","2025-03-02","2025-02-24","Reddit","r/CLO3D","subreddit","unknown_user","user","https://www.reddit.com/r/CLO3D/comments/1ix275d","public","automated_discovery","full_search","high","qualified","strong","verified_public_connect_signal","","clo_md","asset_browsing","resource_recommendation","high","Official account seen as free trim source","4","connect_with_clo_context","medium","high","direct_quote","Have you tried looking on the clo-set connect store? The Connect Official account has lots of free trims","","Official account seen as free trim source","","codex","2026-04-17"
"M0016","historical_backfill","2025-03-17","2025-03-23","2025-03-19","Reddit","r/CLO3D","subreddit","unknown_user","user","https://www.reddit.com/r/CLO3D/comments/1jczuxw","public","automated_discovery","full_search","high","qualified","strong","verified_public_connect_signal","","clo_md","creator_posting","operational_question","high","Community upload suggestion tied to real-life garment showcase","4","explicit_connect_brand","high","high","direct_quote","This is cool! What don't you upload this to CONNECT community forum?","","Community upload suggestion tied to real-life garment showcase","","codex","2026-04-17"
"M0017","historical_backfill","2025-05-19","2025-05-25","2025-05-24","Reddit","r/sewing","subreddit","unknown_user","user","https://www.reddit.com/r/sewing/comments/1kuk1z3","public","automated_discovery","full_search","high","qualified","strong","verified_public_connect_signal","","physical_fashion","comparison_evaluation","evaluation","mid","Cross-community evaluation signal outside core CLO subreddit","3","explicit_connect_brand","high","mid","direct_quote","Hello, my question is, has anyone tried the site connect.clo-set? ... There are both free and purchasable items available.","","Cross-community evaluation signal outside core CLO subreddit","","codex","2026-04-17"
"M0018","historical_backfill","2025-10-13","2025-10-19","2025-10-16","Reddit","r/CLO3D","subreddit","creator_account","creator","https://www.reddit.com/r/CLO3D/comments/1o7t43j","public","automated_discovery","full_search","high","qualified","medium","verified_public_connect_signal","","digital_gamewear","avatar_deployment","resource_recommendation","high","Creator distributing a free avatar via CONNECT detail page","4","utility_without_clear_brand","low","high","direct_quote","You can have for free : https://connect.clo-set.com/detail/97423e15e90d43119f599c5e1f6f7f77","","Creator distributing a free avatar via CONNECT detail page","","codex","2026-04-17"
"M0019","historical_backfill","2026-01-12","2026-01-18","2026-01-12","Reddit","r/CLO3D","subreddit","unknown_user","user","https://www.reddit.com/r/CLO3D/comments/1qaa840","public","automated_discovery","full_search","high","qualified","strong","verified_public_connect_signal","","clo_md","asset_browsing","resource_recommendation","mid","CONNECT recommended for trims and embellishments","3","explicit_connect_brand","high","mid","direct_quote","Have you tried looking at the CLO Connect website? You might find these beads either as a topstitch or trim.","","CONNECT recommended for trims and embellishments","","codex","2026-04-17"
"M0020","historical_backfill","2026-02-23","2026-03-01","2026-02-24","Reddit","r/CLO3D","subreddit","unknown_user","user","https://www.reddit.com/r/CLO3D/comments/1rdwmvl","public","automated_discovery","full_search","high","qualified","medium","verified_public_connect_signal","","digital_gamewear","avatar_deployment","resource_recommendation","mid","Connect store recognized as avatar source option","3","utility_without_clear_brand","low","mid","direct_quote","yes i could dowload one from the connect store","","Connect store recognized as avatar source option","","codex","2026-04-17"
"M0021","historical_backfill","2026-04-06","2026-04-12","2026-04-07","Reddit","r/CLO3D","subreddit","official_or_brand_account","brand","https://www.reddit.com/r/CLO3D/comments/1sf67bz","public","automated_discovery","full_search","high","qualified","strong","verified_public_connect_signal","","clo_md","contest_participation","promotion","mid","Contest promotion showing current platform surface","3","explicit_connect_brand","high","mid","direct_quote","Just over 5 days left to submit your CLO creations for the CLOxBurton competition on CONNECT.","","Contest promotion showing current platform surface","","codex","2026-04-17"
"M0022","historical_backfill","2026-04-13","2026-04-19","2026-04-17","Owned","connect.clo-set.com","homepage","official_or_brand_account","brand","https://connect.clo-set.com/","public","owned_logging","owned_surface","high","qualified","strong","verified_public_connect_signal","","digital_gamewear","platform_positioning","official_announcement","low","Owned platform messaging for current gamewear expansion","2","explicit_connect_brand","high","low","direct_quote","VRChat Store is now open!","","Owned platform messaging for current gamewear expansion","","codex","2026-04-17"
"M0023","historical_backfill","2024-06-03","2024-06-09","2024-06-03","Reddit","r/CLO3D","subreddit","unknown_user","user","https://www.reddit.com/r/CLO3D/comments/1d7d7tl","public","automated_discovery","full_search","high","qualified","medium","verified_public_connect_signal","","digital_gamewear","avatar_deployment","resource_recommendation","high","Avatar customization friction tied to a CONNECT detail-page asset","4","utility_without_clear_brand","low","high","direct_quote","I'm trying to use this free avatar from connect closet : https://connect.clo-set.com/detail/0a78d9d9f5634d6a9adeeda65b6a01ef","","Avatar customization friction tied to a CONNECT detail-page asset","","codex","2026-04-17"
"M0024","historical_backfill","2024-08-19","2024-08-25","2024-08-20","Reddit","r/CLO3D","subreddit","unknown_user","user","https://www.reddit.com/r/CLO3D/comments/1ex15w7","public","automated_discovery","full_search","high","qualified","medium","verified_public_connect_signal","","clo_md","workflow_efficiency","resource_recommendation","mid","Performance issue tied to high-resolution CONNECT store garments","3","utility_without_clear_brand","low","mid","direct_quote","I downloaded this dress from the clo-set store and the simulation becomes unbearably slow.","","Performance issue tied to high-resolution CONNECT store garments","","codex","2026-04-17"
"M0025","historical_backfill","2024-12-16","2024-12-22","2024-12-16","Reddit","r/MarvelousDesigner","subreddit","unknown_user","user","https://www.reddit.com/r/MarvelousDesigner/comments/1hfj05w","public","automated_discovery","full_search","high","qualified","strong","verified_public_connect_signal","","physical_fashion","fabric_sourcing","resource_recommendation","mid","CONNECT store suggested as a fabric/material source","3","connect_with_clo_context","medium","mid","direct_quote","There are lots of fabrics in the clo-set connect store.","","CONNECT store suggested as a fabric/material source","","codex","2026-04-17"
"M0026","historical_backfill","2025-06-02","2025-06-08","2025-06-04","Reddit","r/CLO3D","subreddit","creator_account","creator","https://www.reddit.com/r/CLO3D/comments/1l36e3i","public","automated_discovery","full_search","high","qualified","medium","verified_public_connect_signal","","clo_md","creator_posting","operational_question","high","Creator project showcase linked directly to a CONNECT detail page","4","utility_without_clear_brand","low","high","direct_quote","Can be found here: i hope you like it https://connect.clo-set.com/detail/9c6ebc7982674363bab86c7423f0846f","","Creator project showcase linked directly to a CONNECT detail page","","codex","2026-04-17"
"M0027","historical_backfill","2026-01-05","2026-01-11","2026-01-06","Reddit","r/CLO3D","subreddit","official_or_brand_account","brand","https://www.reddit.com/r/CLO3D/comments/1q4x9jy/struggles_with_clo3d/","public","automated_discovery","full_search","high","qualified","strong","verified_public_connect_signal","","clo_md","creator_posting","operational_question","mid","Official guidance routing users to CONNECT community surfaces","3","explicit_connect_brand","high","mid","direct_quote","Posting to Our Connect Community Forum, Official Discord, or directly to our Contact Us page would be the best place to do it.","","Official guidance routing users to CONNECT community surfaces","","codex","2026-04-17"
"M0028","historical_backfill","2021-05-10","2021-05-16","2021-05-13","CLO Help Center","support.clo3d.com","community_post","CLO Designers","brand","https://support.clo3d.com/hc/en-us/community/posts/900003350763-Are-there-any-pre-programmed-trousers-or-leggings","public","automated_discovery","full_search","high","qualified","medium","verified_public_connect_signal","","clo_md","asset_browsing","resource_recommendation","mid","Official reply routes new users to CONNECT marketplace for premade assets","3","explicit_connect_brand","high","mid","direct_quote","There are no pre made pants in CLO, but you can go to our Marketplace https://connect.clo-set.com/ and purchase/download premade assets there.","CLO에는 미리 만들어진 바지가 없지만, 마켓플레이스(https://connect.clo-set.com/)에서 구매/다운로드할 수 있습니다.","Official support reply treating CONNECT as a default marketplace for premade assets.","","codex","2026-04-20"
"M0029","historical_backfill","2021-06-14","2021-06-20","2021-06-14","Business Wire","businesswire.com","press_release","CLO Virtual Fashion","brand","https://www.businesswire.com/news/home/20210614005716/en/CLO-Virtual-Fashion-Launches-Global-Community-for-Fashion-Creators","public","automated_discovery","full_search","high","qualified","medium","verified_public_connect_signal","","clo_md","platform_positioning","official_announcement","low","External press release frames CLO-SET Connect as a global creator community and marketplace","2","explicit_connect_brand","high","low","direct_quote","has officially launched its global community for fashion creators: CLO-SET Connect.","CLO Virtual Fashion이 글로벌 크리에이터 커뮤니티/마켓플레이스로 CLO-SET Connect를 출시했다고 소개합니다.","External launch positioning signal (press-wire).","","codex","2026-04-20"
"M0030","historical_backfill","2021-07-05","2021-07-11","2021-07-08","Business Wire","businesswire.com","press_release","Chargeurs*PCC","brand","https://www.businesswire.com/news/home/20210708005113/en/ChargeursPCC-Launches-Digital-Asset-Studio-in-CLO-SET-Connect-to-Innovate-the-3D-Digital-Design-Process","public","automated_discovery","full_search","high","qualified","medium","verified_public_connect_signal","","clo_md","platform_positioning","official_announcement","low","Partner announcement positions CLO-SET Connect marketplace as a distribution surface for digital materials","2","explicit_connect_brand","high","low","direct_quote","Chargeurs’ digital assets are now available in the CLO-SET Connect virtual open marketplace.","Chargeurs의 디지털 에셋이 CLO-SET Connect 가상 오픈 마켓플레이스에서 제공된다고 발표합니다.","Partner ecosystem signal; mention date aligned to Business Wire story URL (2021-07-08).","","codex","2026-04-20"
"M0031","historical_backfill","2024-06-03","2024-06-09","2024-06-06","GTA5-Mods","gta5-mods.com","mod_listing","Lysiah","creator","https://www.gta5-mods.com/player/skinny-jeans-for-mp-female-lysiah","public","automated_discovery","full_search","high","qualified","strong","verified_public_connect_signal","","digital_gamewear","avatar_deployment","actual_use","high","Creator credits CONNECT Official template from CONNECT store for a gamewear mod workflow","4","explicit_connect_brand","medium","high","direct_quote","Free template from Clo3D asset store, changed to my likings (Name: Connect Official's FV2_Slim Fit Denim Pants) (https://connect.clo-set.com/store)","CLO3D 에셋 스토어의 Connect Official 템플릿을 가져와 수정해 게임 의상 모드로 제작했다고 밝힙니다.","Cross-ecosystem creator usage: CONNECT store assets used as a starting template for GTA V mod clothing.","","codex","2026-04-20"
"M0032","historical_backfill","2025-02-17","2025-02-23","2025-02-22","Vignette & Clarity","vigne-cla.com","blog_post","Nakamura","user","https://vigne-cla.com/a013/","public","automated_discovery","full_search","high","qualified","strong","verified_public_connect_signal","","clo_md","workflow_efficiency","operational_question","high","Real troubleshooting narrative: CLOSET/CONNECT-downloaded asset fails Auto Fitting until simulation workflow is corrected","4","explicit_connect_brand","medium","high","direct_quote","CLOSETからダウンロードしたデータで 自動試着を実行したところ「シミュレートされた衣装に対してのみ機能します。」というエラーが発生しました。","CLOSET에서 다운로드한 데이터로 자동 피팅을 실행했더니 오류가 발생했다고 설명합니다.","Third-party workflow troubleshooting referencing a CONNECT Official asset link (CLOSET/CONNECT download + Auto Fitting).","","codex","2026-04-20"
"M0033","historical_backfill","2025-08-04","2025-08-10","2025-08-05","Owned","connect.clo-set.com","gamewear_detail","CONNECT Official","brand","https://connect.clo-set.com/gamewear/detail/45338ed16eb54c90be3552917da10864","public","owned_logging","owned_surface","high","qualified","medium","verified_public_connect_signal","","digital_gamewear","avatar_deployment","promotion","mid","Owned Gamewear listing shows CONNECT Official distributing free inZOI-ready outfits","3","explicit_connect_brand","high","mid","direct_quote","F Y2K Layered Bubble Set — Published at 2025.08.05","CONNECT Official이 inZOI용 Gamewear 아이템을 게시(2025.08.05)합니다.","Owned signal: CONNECT Gamewear catalog item supports inZOI contest / outfit distribution narrative.","","codex","2026-04-20"
"M0034","historical_backfill","2026-04-20","2026-04-26","2026-04-20","inZOI Canvas","canvas.playinzoi.com","creation_page","Cristabel","creator","https://canvas.playinzoi.com/en-US/creation/gal-250915-214514-0390000","public","automated_discovery","full_search","medium","qualified","medium","verified_public_connect_signal","","digital_gamewear","avatar_deployment","actual_use","mid","Player shares outfit and credits CONNECT Official Gamewear link as the clothing source","3","explicit_connect_brand","medium","mid","direct_quote","Clothes by Connect Official https://connect.clo-set.com/gamewear/detail/45338ed16eb54c90be3552917da10864","Connect Official Gamewear 링크를 의상 출처로 명시합니다.","External creator surface: explicit credit to CONNECT Official as in-game clothing source. Canvas post date not visible; recorded as discovery date.","","codex","2026-04-20"
"M0035","historical_backfill","2026-01-05","2026-01-11","2026-01-08","Owned","support-connect.clo-set.com","help_center_article","CONNECT Support","brand","https://support-connect.clo-set.com/hc/en-us/articles/51721121855897","public","owned_logging","owned_surface","high","qualified","medium","verified_public_connect_signal","","digital_gamewear","download","official_announcement","mid","Official guide documents Gamewear download and outfit application workflow","3","explicit_connect_brand","high","mid","direct_quote","This section explains how to download the package file, launch the game, and apply the outfit.","패키지 다운로드부터 적용까지 Gamewear 사용 흐름을 안내합니다.","Owned workflow documentation for Gamewear (download/apply steps) supporting creator/player enablement.","","codex","2026-04-20"
"M0036","historical_backfill","2026-04-20","2026-04-26","2026-04-20","ArtStation","binaryfashion.artstation.com","project_page","James Potter","creator","https://binaryfashion.artstation.com/projects/2qbZxY","public","automated_discovery","full_search","medium","qualified","strong","verified_public_connect_signal","","clo_md","creator_posting","actual_use","high","Creator showcases CLO3D outfit and links a free CLO-SET/CONNECT detail download as the source","4","explicit_connect_brand","medium","high","direct_quote","Free download from CLO-SET: https://connect.clo-set.com/detail/361c7d381b494db989dd638e180789d1","","External creator proof linking directly to a CONNECT detail page (free download).","","codex","2026-04-20"
"M0037","historical_backfill","2026-04-20","2026-04-26","2026-04-20","ArtStation","jjorijjori5.artstation.com","project_page","jjori jjori","creator","https://jjorijjori5.artstation.com/projects/EaQAqq","public","automated_discovery","full_search","medium","qualified","medium","verified_public_connect_signal","","clo_md","creator_posting","actual_use","mid","Creator portfolio post uses CONNECT detail link as the 3D check/download surface","3","explicit_connect_brand","medium","mid","direct_quote","You can check in 3D: https://connect.clo-set.com/detail/5b321acbb5e1488ba63f160e01e1cfd5","","ArtStation project links to CONNECT detail page; post date not visible in collector view (recorded as discovery date).","","codex","2026-04-20"
"M0038","historical_backfill","2026-04-20","2026-04-26","2026-04-20","ArtStation","jjorijjori5.artstation.com","project_page","jjori jjori","creator","https://jjorijjori5.artstation.com/projects/o2zrPk","public","automated_discovery","full_search","medium","qualified","medium","verified_public_connect_signal","","clo_md","creator_posting","actual_use","mid","Creator portfolio post uses CONNECT detail link as the 3D check surface","3","explicit_connect_brand","medium","mid","direct_quote","You can check in 3D: https://connect.clo-set.com/detail/a65bad5712c343ca9bda115ed4cc7fd5","","ArtStation project links to CONNECT detail page; post date not visible in collector view (recorded as discovery date).","","codex","2026-04-20"
"M0039","historical_backfill","2026-04-20","2026-04-26","2026-04-20","ArtStation","jjorijjori5.artstation.com","project_page","jjori jjori","creator","https://jjorijjori5.artstation.com/projects/JeWv4d","public","automated_discovery","full_search","medium","qualified","medium","verified_public_connect_signal","","clo_md","creator_posting","actual_use","mid","Creator portfolio post uses CONNECT detail link as the 3D check surface","3","explicit_connect_brand","medium","mid","direct_quote","You can check in 3D: https://connect.clo-set.com/detail/1b1fb46d5c9d417682006b45db8010d4","","ArtStation project links to CONNECT detail page; post date not visible in collector view (recorded as discovery date).","","codex","2026-04-20"
"M0040","historical_backfill","2026-04-20","2026-04-26","2026-04-20","ArtStation","jjorijjori5.artstation.com","project_page","jjori jjori","creator","https://jjorijjori5.artstation.com/projects/mz0689","public","automated_discovery","full_search","medium","qualified","medium","verified_public_connect_signal","","clo_md","creator_posting","actual_use","mid","Creator portfolio post uses CONNECT detail link as the 3D check surface","3","explicit_connect_brand","medium","mid","direct_quote","You can check in 3D: https://connect.clo-set.com/detail/e9dfefe8dc424159a1a5cf7cd3c2ffa1","","ArtStation project links to CONNECT detail page; post date not visible in collector view (recorded as discovery date).","","codex","2026-04-20"
"M0041","historical_backfill","2026-04-20","2026-04-26","2026-04-20","ArtStation","artstation.com","marketplace_listing","Ayumi (seller)","creator","https://www.artstation.com/marketplace/p/pRGLy/6-female-sweater-cardigan-knitting-fur-jacket-pullover-marvelous-designer-clo3d-project-file-zprj-obj-fbx","public","automated_discovery","full_search","medium","qualified","medium","verified_public_connect_signal","","clo_md","purchase","promotion","mid","Seller lists CLO-SET/CONNECT portfolio as the distribution surface for related digital fashion assets","3","explicit_connect_brand","medium","mid","direct_quote","Connect.clo account: https://connect.clo-set.com/portfolio/906478/collection/collections","","Marketplace listing includes explicit CONNECT portfolio link as seller surface (date not captured; discovery date used).","","codex","2026-04-20"
"M0042","historical_backfill","2026-04-20","2026-04-26","2026-04-20","ArtStation","zamiraabdullaieva.artstation.com","project_page","Zamira Abdullaieva","creator","https://zamiraabdullaieva.artstation.com/projects/a009q2","public","automated_discovery","full_search","medium","qualified","medium","verified_public_connect_signal","","clo_md","purchase","promotion","mid","Creator uses CONNECT portfolio/collection link as the buy surface for a digital fashion asset","3","explicit_connect_brand","medium","mid","direct_quote","Buy: https://connect.clo-set.com/portfolio/469850/collection/collections?itemId=844b50130bfe40b5accc95433559ea5b","","Creator proof: external portfolio page routes purchase to CONNECT. Date not captured; discovery date used.","","codex","2026-04-20"
"M0043","historical_backfill","2026-04-20","2026-04-26","2026-04-20","ArtStation","sonyamonina.artstation.com","resume","Sonya Monina","creator","https://sonyamonina.artstation.com/resume","public","automated_discovery","full_search","medium","qualified","medium","verified_public_connect_signal","","clo_md","purchase","promotion","mid","Creator resume uses CONNECT portfolio link as a buy surface for CLO3D patterns","3","explicit_connect_brand","medium","mid","direct_quote","Buy Patterns (CLO3d) = https://connect.clo-set.com/portfolio/190865/collection/collections","","Creator resume explicitly routes purchase to CONNECT portfolio. Date not captured; discovery date used.","","codex","2026-04-20"
"M0044","historical_backfill","2026-04-20","2026-04-26","2026-04-20","ArtStation","simbafa.artstation.com","resume","Simin (Simba) Farrokh Ahmadi","creator","https://simbafa.artstation.com/resume","public","automated_discovery","full_search","medium","qualified","medium","verified_public_connect_signal","","clo_md","creator_posting","promotion","low","Resume includes a CONNECT community post link as an external publication/feature reference","2","explicit_connect_brand","low","low","direct_quote","Marvelous Designer article \Interview with Simin (Simba) Farrokh Ahmadi | Rhymes & Remedies | Props & Environments Artist\"" https://connect.clo-set.com/community/post/7cd50175928c4c7f9bc6c7862a22a671""","","Creator resume references a CONNECT community post (creator-proof surface). Date not captured; discovery date used.","","codex","2026-04-20"
"M0045","historical_backfill","2024-05-27","2024-06-02","2024-05-28","Mod The Sims","modthesims.info","forum_thread","SneakyWingPhoenix","user","https://modthesims.info/showthread.php?c=0&ht=0&page=6&pp=25&t=680873","public","automated_discovery","full_search","high","qualified","strong","verified_public_connect_signal","","digital_gamewear","contest_participation","evaluation","mid","External game/mod community discusses inZOI outfit contest and links directly to CONNECT contest page","3","explicit_connect_brand","medium","mid","direct_quote","Design an outfit for inZOI... https://connect.clo-set.com/contest/55","","Non-Reddit community mention with explicit CONNECT contest URL and dated forum context (May 28, 2024).","","codex","2026-04-20"
"M0046","historical_backfill","2025-05-05","2025-05-11","2025-05-10","Epic Developer Community Forums","forums.unrealengine.com","forum_thread","womowo","user","https://forums.unrealengine.com/t/there-is-no-livesync-connection-issue/2500716","public","automated_discovery","full_search","high","qualified","strong","verified_public_connect_signal","","clo_md","download","operational_question","mid","User references support-connect LiveSync version archive while troubleshooting.","3","explicit_connect_brand","medium","mid","direct_quote","I use UE 5.4.4, MD 2024.0.191 and downloaded MD Livesync 1.1.1. https://support-connect.clo-set.com/hc/en-us/articles/9803777473295-LiveSync-version-archive","","User references support-connect LiveSync version archive while troubleshooting.","","codex","2026-04-20"
"M0047","historical_backfill","2023-05-29","2023-06-04","2023-06-01","CurseForge","curseforge.com","mod_page","FatalRoseCreations","creator","https://www.curseforge.com/sims4/create-a-sim/fatalrosecreations-leather-stud-corset","public","automated_discovery","full_search","high","qualified","strong","verified_public_connect_signal","","digital_gamewear","avatar_deployment","actual_use","mid","Sims CC author credits CONNECT detail item as the MD mesh source.","3","explicit_connect_brand","medium","mid","direct_quote","Corset MD File Designed by: lnelinl (Link: https://connect.clo-set.com/detail/018d42e1e02d443f97f888fd34f5f0cb)","","Sims CC author credits CONNECT detail item as the MD mesh source.","","codex","2026-04-20"
"M0048","historical_backfill","2025-11-24","2025-11-30","2025-11-28","NexusMods","nexusmods.com/cyberpunk2077","mod_page","Axellysse","creator","https://www.nexusmods.com/cyberpunk2077/mods/25855","public","automated_discovery","full_search","high","qualified","strong","verified_public_connect_signal","","digital_gamewear","avatar_deployment","actual_use","mid","Cyberpunk mod credits a CONNECT detail asset as mesh source.","3","explicit_connect_brand","medium","mid","direct_quote","File credits: Bow mesh from https://connect.clo-set.com/detail/24e1f5158e0b4de9b0b31ad85e3954ae","","Cyberpunk mod credits a CONNECT detail asset as mesh source.","","codex","2026-04-20"
"M0049","historical_backfill","2025-01-20","2025-01-26","2025-01-21","NexusMods","nexusmods.com/cyberpunk2077","mod_page","Axellysse","creator","https://www.nexusmods.com/cyberpunk2077/mods/18893","public","automated_discovery","full_search","high","qualified","strong","verified_public_connect_signal","","digital_gamewear","avatar_deployment","actual_use","mid","Cyberpunk mod credits a CONNECT detail asset as mesh source.","3","explicit_connect_brand","medium","mid","direct_quote","File credits: Butterfly mesh from https://connect.clo-set.com/detail/4d4479881bf8496ba6e728bc71e280b1","","Cyberpunk mod credits a CONNECT detail asset as mesh source.","","codex","2026-04-20"
"M0050","historical_backfill","2025-06-23","2025-06-29","2025-06-26","NexusMods","nexusmods.com/cyberpunk2077","mod_page","Raenef","creator","https://www.nexusmods.com/cyberpunk2077/mods/22338","public","automated_discovery","full_search","high","qualified","strong","verified_public_connect_signal","","digital_gamewear","avatar_deployment","actual_use","mid","Cyberpunk mod credits a CONNECT detail asset as source.","3","explicit_connect_brand","medium","mid","direct_quote","File credits: asset from https://connect.clo-set.com/detail/a9674dd87f2e4a9a8a9ad13207f7016a","","Cyberpunk mod credits a CONNECT detail asset as source.","","codex","2026-04-20"
"M0051","historical_backfill","2025-12-15","2025-12-21","2025-12-19","NexusMods","nexusmods.com/cyberpunk2077","mod_page","cyb3rsn4k3","creator","https://www.nexusmods.com/cyberpunk2077/mods/26203","public","automated_discovery","full_search","high","qualified","strong","verified_public_connect_signal","","digital_gamewear","avatar_deployment","actual_use","mid","Cyberpunk mod credits a CONNECT detail item as dress source.","3","explicit_connect_brand","medium","mid","direct_quote","File credits: dress - https://connect.clo-set.com/detail/dc6f796c66e64a4486f7ffe0165a82b6","","Cyberpunk mod credits a CONNECT detail item as dress source.","","codex","2026-04-20"
"M0052","historical_backfill","2026-01-05","2026-01-11","2026-01-11","NexusMods","nexusmods.com/cyberpunk2077","mod_page","cyb3rsn4k3","creator","https://www.nexusmods.com/cyberpunk2077/mods/26712","public","automated_discovery","full_search","high","qualified","strong","verified_public_connect_signal","","digital_gamewear","avatar_deployment","actual_use","mid","Cyberpunk mod credits multiple CONNECT detail items as sources.","3","explicit_connect_brand","medium","mid","direct_quote","File credits: corset https://connect.clo-set.com/detail/a2be5e0827eb4276a78b3ad9c6ee6a22; shorts https://connect.clo-set.com/detail/8aa2c6067e4e4a44bd7c4511360a1e59","","Cyberpunk mod credits multiple CONNECT detail items as sources.","","codex","2026-04-20"
"M0053","historical_backfill","2026-04-20","2026-04-26","2026-04-20","Behance","behance.net","profile","Chloe Paik","creator","https://www.behance.net/smp7","public","automated_discovery","full_search","high","qualified","strong","verified_public_connect_signal","","clo_md","creator_posting","promotion","low","Creator profile lists CONNECT portfolio link.","2","explicit_connect_brand","medium","low","direct_quote","connect.clo-set.com/portfolio/325599/collection/collections","","Creator profile lists CONNECT portfolio link.","","codex","2026-04-20"
"M0054","historical_backfill","2024-06-24","2024-06-30","2024-06-29","Behance","behance.net","project_page","Lana Mayra","creator","https://www.behance.net/gallery/202104441/Knit-Upcycle-Project","public","automated_discovery","full_search","high","qualified","strong","verified_public_connect_signal","","clo_md","creator_posting","promotion","mid","Behance project links to CONNECT portfolio as the 3D project surface.","3","explicit_connect_brand","medium","mid","direct_quote","You can see the 3D project at https://connect.clo-set.com/portfolio/439883/collection/collections","","Behance project links to CONNECT portfolio as the 3D project surface.","","codex","2026-04-20"
"M0055","historical_backfill","2025-05-05","2025-05-11","2025-05-07","Behance","behance.net","project_page","Jahid Rana","creator","https://www.behance.net/gallery/225316327/Classic-Pocket-Mens-Sport-Set-l-Tracksuit-Jogger","public","automated_discovery","full_search","high","qualified","strong","verified_public_connect_signal","","clo_md","creator_posting","promotion","low","Behance project footer links to CONNECT portfolio.","2","explicit_connect_brand","medium","low","direct_quote","CLO Connect: https://connect.clo-set.com/portfolio/605881/collection/allitems","","Behance project footer links to CONNECT portfolio.","","codex","2026-04-20"
"M0056","historical_backfill","2025-06-09","2025-06-15","2025-06-14","Behance","behance.net","project_page","Jahid Rana","creator","https://www.behance.net/gallery/228115045/Unisex-Zip-Up-Sports-Jacket-Athletic-Tracksuit-Top","public","automated_discovery","full_search","high","qualified","strong","verified_public_connect_signal","","clo_md","creator_posting","promotion","low","Behance project footer links to CONNECT portfolio.","2","explicit_connect_brand","medium","low","direct_quote","CLO Connect: https://connect.clo-set.com/portfolio/605881/collection/allitems","","Behance project footer links to CONNECT portfolio.","","codex","2026-04-20"
"M0057","historical_backfill","2025-05-05","2025-05-11","2025-05-07","Behance","behance.net","project_page","Jahid Rana","creator","https://www.behance.net/gallery/225317003/Zip-Up-Track-Jacket-Sporty-Sweatshirt-Outerwear","public","automated_discovery","full_search","high","qualified","strong","verified_public_connect_signal","","clo_md","creator_posting","promotion","low","Behance project footer links to CONNECT portfolio.","2","explicit_connect_brand","medium","low","direct_quote","CLO Connect: https://connect.clo-set.com/portfolio/605881/collection/allitems","","Behance project footer links to CONNECT portfolio.","","codex","2026-04-20"
"M0058","historical_backfill","2024-11-25","2024-12-01","2024-11-25","The Rookies","therookies.co","project_page","piconminichini","creator","https://www.therookies.co/projects/74417","public","automated_discovery","full_search","high","qualified","strong","verified_public_connect_signal","","clo_md","creator_posting","promotion","mid","Portfolio project links to CONNECT portfolio as primary surface.","3","explicit_connect_brand","medium","mid","direct_quote","Software JINNY (CLO3D) https://connect.clo-set.com/portfolio/373127/collection/collections","","Portfolio project links to CONNECT portfolio as primary surface.","","codex","2026-04-20"
"M0059","historical_backfill","2026-04-20","2026-04-26","2026-04-20","Planner 5D","shop.planner5d.com","product_page","unknown","creator","https://shop.planner5d.com/products/306978-t-over-long-sleeve-mv2-outfit","public","automated_discovery","full_search","high","qualified","strong","verified_public_connect_signal","","clo_md","purchase","actual_use","mid","Product listing credits a CONNECT detail item as a used component.","3","explicit_connect_brand","medium","mid","direct_quote","used items: basic baggy jeans https://connect.clo-set.com/detail/86840549c7ba4c81936811d176a54888","","Product listing credits a CONNECT detail item as a used component.","","codex","2026-04-20"
"M0060","historical_backfill","2026-03-09","2026-03-15","2026-03-09","Kitab Malham Store","kitabmalhamstore.com","blog_post","غادة المرشود","creator","https://kitabmalhamstore.com/en/blog/digital-saudi-thobe-set-najdi-3d-saudi-traditional-clothing-clo3d-saudi-outfit/a-1812125457","public","automated_discovery","full_search","high","qualified","strong","verified_public_connect_signal","","clo_md","purchase","promotion","mid","Blog post includes explicit CONNECT detail URL for a digital garment collection.","3","explicit_connect_brand","medium","mid","direct_quote","https://connect.clo-set.com/detail/f20260ebe7154885a883a42f28edae06","","Blog post includes explicit CONNECT detail URL for a digital garment collection.","","codex","2026-04-20"
"M0061","historical_backfill","2023-08-07","2023-08-13","2023-08-07","CGTrader","cgtrader.com","product_listing","Rudeolph","creator","https://www.cgtrader.com/3d-models/character/clothing/alexander-mcqueen-leather-peplum-jacket-clo3d","public","automated_discovery","full_search","high","qualified","strong","verified_public_connect_signal","","clo_md","purchase","purchase_intent","mid","Marketplace listing routes preview/download to CONNECT detail page.","3","explicit_connect_brand","medium","mid","direct_quote","If you are not sure about the purchase, please see the 3D workfile on CLO-SET Connet Store for FREE from the below link. https://connect.clo-set.com/detail/9df7ebd5b8fc4596ba2c85638b30accf","","Marketplace listing routes preview/download to CONNECT detail page.","","codex","2026-04-20"
"M0062","historical_backfill","2026-04-20","2026-04-26","2026-04-20","DeviantArt","deviantart.com","profile","DAZcharm","creator","https://www.deviantart.com/dazcharm","public","automated_discovery","full_search","high","qualified","strong","verified_public_connect_signal","","clo_md","creator_posting","promotion","low","Creator profile links to CONNECT portfolio.","2","explicit_connect_brand","medium","low","direct_quote","CLOset: https://connect.clo-set.com/portfolio/432355/collection/collections","","Creator profile links to CONNECT portfolio.","","codex","2026-04-20"
"M0063","historical_backfill","2022-06-27","2022-07-03","2022-07-02","DeviantArt","deviantart.com","art_page","AmadiHunt","creator","https://www.deviantart.com/amadihunt/art/Medieval-Gown-04-921194019","public","automated_discovery","full_search","high","qualified","strong","verified_public_connect_signal","","clo_md","creator_posting","promotion","mid","DeviantArt post references CONNECT detail/portfolio as CLO3D file surface.","3","explicit_connect_brand","medium","mid","direct_quote","Clo3d - connect.clo-set.com/detail/b01…; Clo3d - connect.clo-set.com/portfolio/…","","DeviantArt post references CONNECT detail/portfolio as CLO3D file surface.","","codex","2026-04-20"
"M0064","historical_backfill","2023-01-23","2023-01-29","2023-01-28","DeviantArt","deviantart.com","art_page","AmadiHunt","creator","https://www.deviantart.com/amadihunt/art/DG01-Corset-and-Gown-946975895","public","automated_discovery","full_search","high","qualified","strong","verified_public_connect_signal","","clo_md","creator_posting","promotion","mid","DeviantArt post points to CONNECT as distribution surface for files.","3","explicit_connect_brand","medium","mid","direct_quote","complete files over on Clo-Set Connect... Clo3d - connect.clo-set.com/portfolio/…","","DeviantArt post points to CONNECT as distribution surface for files.","","codex","2026-04-20"
